<?xml version="1.0" encoding="UTF-8"?>
<students>
    <student id="412">
        <name>Julián</name>
        <address>C/Alcalá</address>
        <birth>12/7/2006</birth>
        <subjects>
            <item>computer science</item>
            <item>law</item>
        </subjects>
    </student>
    <student id="412">
        <name>Alicia</name>
        <address>C/Fuencarral</address>
        <birth>1/8/2008</birth>
        <subjects>
            <item>chemistry</item>
        </subjects>
    </student>
</students>